{"train_loss": 0.059523231912642936, "val_loss": 0.10343489926196345, "_timestamp": 1714587297.0297506, "_runtime": 21262.088982582092, "_step": 10, "_wandb": {"runtime": 21274}}